,eeg signal
0,0.0
1,0.513358426222327
2,-4.571882591339484
3,-12.666839967220376
4,-13.303603817770956
5,-4.389489257868815
6,-5.969909335897604
7,4.709880110225296
8,9.288903186602411
9,-6.494406325918544
10,-3.8388133145294883
11,11.592469969474092
12,7.109753351315767
13,4.445317798197067
14,2.7725601099789063
15,2.0378239187123945
16,-15.316072156076181
17,-8.389207650167538
18,8.483124031687122
19,-8.888757350144246
20,-8.822236266217562
21,-2.6483657670082192
22,0.47474511388581275
23,3.955869221111964
24,4.098463055470292
25,5.524573053976868
26,6.852011993356525
27,2.218987431680538
28,-10.001778706249446
29,11.735738546721077
30,0.9215414178254049
31,6.156316177881782
32,-7.618550270462519
33,-1.9316315716649277
34,-5.420061002759251
35,17.535552920466202
36,-8.314098372044088
37,3.7153682597443587
38,-17.95811308464145
39,2.692697140944092
40,-23.50856246814663
41,1.2144800126378195
42,0.863762416867663
43,-10.303026062876224
44,9.87467325102534
45,-5.3688373748510045
46,18.6720246520319
47,1.1979718960135881
48,2.3525343224939803
49,6.016117112428695
50,6.614843295288629
51,1.659421350891491
52,1.240365959006756
53,2.377557711949978
54,-5.777182946966666
55,-0.3134026201511524
56,-3.286592446372084
57,1.070054036715769
58,12.160213664737897
59,-9.06624643710548
60,7.785367100703171
61,-13.763067663263595
62,13.801327374415395
63,-7.806481226921462
64,4.111134567843046
65,-0.1560701454097544
66,-15.152476720197257
67,-9.420059005203314
68,1.4270513447976012
69,-0.8177171680197164
70,-3.510561440610067
71,7.436077032584912
72,-6.836938576062516
73,4.823154312420689
74,2.5060555622127483
75,3.603657524483807
76,-14.807193504057365
77,12.347520297169256
78,-3.5685343278103128
79,7.042805220478526
80,-5.302968759619853
81,5.608969582199402
82,-19.85604495403795
83,3.4852251691166662
84,-6.042817633363839
85,6.130703617253895
86,-8.72261743973516
87,-1.5156525023570386
88,5.259690453997997
89,-10.649298781212188
90,-5.278975917374363
91,0.4521968691482581
92,-7.027689984218323
93,14.16527378288656
94,-2.3802675180133717
95,-9.910053319439873
96,2.401867463380162
97,10.146981707596336
98,-4.74574809093482
99,-1.65902957883067
100,0.46529028100882686
101,-1.363412349383297
102,-10.439942533348866
103,3.9114893539012296
104,12.854547079751114
105,-0.6832175815462398
106,-3.442124722139627
107,1.4023718278831208
108,10.421622595323441
109,-4.5765944884184515
110,3.026294253214737
111,-0.9882848526448411
112,-1.6541844826833518
113,-4.500507633924
114,0.5876529813825027
115,11.203642288590762
116,-13.122365934614503
117,19.243741621758623
118,-13.167633856734518
119,13.24946757709181
120,3.441673179613886
121,4.583618209767282
122,-8.927304192917958
123,1.8675345882938574
124,10.370315092804939
125,5.523409225213553
126,-8.236353194019228
127,-1.298477885404954
128,-4.505464703637421
129,-0.8593817842650218
130,-1.0590187606640997
131,-7.720283790005997
132,5.847182252170242
133,-9.618422700029196
134,14.295173822501509
135,-2.067362955047968
136,6.556754537459159
137,10.890961754502287
138,-12.638176481304733
139,-10.671930776449813
140,-0.5430468277149985
141,-6.10265127319898
142,-8.691761620190915
143,-16.16163150332212
144,5.737292678912558
145,1.0983900409145635
146,-4.102878170934432
147,-4.212741665494365
148,13.614471280788411
149,-15.291132893596384
150,-5.245234551307265
151,2.6677221995322555
152,8.377453194684989
153,-13.939196305862914
154,-10.36396164823555
155,-1.320402714434489
156,5.20565035060514
157,-6.305534532571044
158,-9.322553566909884
159,20.60108562435542
160,1.366615958545971
161,19.55072964597602
162,1.986376272052838
163,1.9487460682215783
164,7.0777713466544645
165,-2.5759473316768586
166,7.388985426223472
167,11.171515750516424
168,2.8230468747682247
169,7.476489238129497
170,3.82813309315385
171,-5.97287327546958
172,-4.633304694035781
173,-8.583178857738051
174,7.2181654960885275
175,-3.8045480072099362
176,-9.04552012035352
177,1.6616340993565213
178,8.052928061518484
179,3.1003228808143173
180,1.8191358918352811
181,-4.17083016298702
182,-10.091450487282385
183,-3.9018744329218613
184,4.201951878846542
185,-9.473887098471309
186,-14.770866375789042
187,8.552559931078164
188,-9.582446743310145
189,21.134737183977375
190,-3.341541930046275
191,-1.8321768042167657
192,-11.834799464204856
193,0.10359251966827987
194,-0.9138009438174486
195,-3.6689152901243363
196,3.9533980149446233
197,-6.199253766482673
198,-0.29351561706918816
199,-0.7073760821942727
200,-10.613006405417206
201,-13.122316541838686
202,-9.342840966827538
203,-2.0362220501469386
204,-9.509121784658555
205,-0.3129222810849623
206,-0.9192498150823107
207,-17.901455408167774
208,-5.178620001431597
209,7.308403757661758
210,-2.955923504467833
211,-4.100573665088826
212,-3.6153664977076927
213,4.955250839249907
214,5.718872719815
215,8.440403013956443
216,8.351961154413448
217,-9.06786239763112
218,9.646686430678175
219,14.08372503936194
220,1.1917281595113494
221,-8.399174311145666
222,2.031475585870051
223,7.977273744923665
224,-9.854366807496248
225,3.191505716040612
226,-0.2691912847212057
227,-11.873959808027138
228,-8.437590116086854
229,-1.3222622140980138
230,6.266681482559357
231,-14.756167583552603
232,-5.752933289790224
233,-2.3694176990672786
234,1.0003293825615138
235,4.5083056183819
236,2.409839697584799
237,15.344080424195441
238,-9.153523468658857
239,-7.186592165351167
240,-6.340473342046635
241,9.634387165456783
242,2.532931112620835
243,-2.950813881194371
244,-2.9054491811182803
245,-2.570996439151376
246,26.012239361205904
247,-0.5742047304776194
248,3.781015490690174
249,5.09842499672706
250,-15.940427329214105
251,4.413974268202097
252,3.5877707887265347
253,1.8521787473751776
254,2.681921129462199
255,-7.690335241898088
256,-5.540710254864822
257,-9.748999104941909
258,-11.024859373517444
259,10.351908880576897
260,1.1054306523240482
261,18.297939793694127
262,7.661451530519807
263,-2.7123676942886377
264,4.549939404315683
265,1.7469708158582016
266,-4.032494798615125
267,-9.326445477978691
268,5.013020396445109
269,0.14529151964466158
270,5.2055623057761835
271,-1.5181824406092852
272,2.2674604227053927
273,-2.982409768080295
274,2.009393955267997
275,10.974629441453159
276,3.5504451762114613
277,-4.347244140270563
278,-6.208078124434408
279,5.290640259202656
280,-5.335864648907905
281,-5.037572913281703
282,-19.092017089316705
283,-6.2080433513096835
284,19.38885051436116
285,0.30855752141328585
286,1.37783100921663
287,-13.956617489621578
288,-17.69515695442147
289,-5.40464629702309
290,8.879924456212727
291,-7.14402208805506
292,-16.645484707676605
293,-15.49353206988494
294,5.027629074652001
295,-4.276609898157744
296,16.151230760252822
297,0.5652079182160987
298,1.672989643725218
299,-8.197535906612933
300,-3.1929919784609617
301,-18.775621484128827
302,8.607160348832469
303,-4.756161786490041
304,-2.218072799067995
305,-9.961118325920024
306,2.6744817501190807
307,14.27238419480031
308,3.3632034804672357
309,-9.237371200455202
310,-8.749800225493559
311,-5.124651968086782
312,15.7413466440871
313,-1.7893974901053258
314,-12.239583681969046
315,-10.239003761380332
316,-0.7277756558486379
317,-2.4076487314891457
318,-8.867538716298602
319,-20.841939847458985
320,-4.01730338232122
321,12.33561345106662
322,3.884728505739617
323,-4.045248993254658
324,5.868581240685309
325,-14.04031227491443
326,8.230217396191165
327,-7.034957951950032
328,-7.074329127655982
329,2.8020342764730053
330,-4.140989011621016
331,13.396665938759952
332,6.8524781085355295
333,0.9178322091009696
334,0.6884521105634498
335,8.846515120585922
336,13.464342064183027
337,1.9326873679050989
338,-1.1621879688721917
339,6.080408728875328
340,5.41865984827834
341,-3.2482726393263515
342,7.605166540200978
343,7.561002121523801
344,0.6604698837893519
345,-9.658944790543948
346,-0.49199030277738487
347,4.9703733319429935
348,-1.126802182758075
349,5.780098652068201
350,0.4165126527746592
351,-11.626240899503212
352,-1.3262683869678944
353,-1.307303778885287
354,9.705515601710442
355,-25.417978210283174
356,-7.993686040411611
357,-7.358593719925302
358,-12.522850196975478
359,8.997452092297655
360,11.251170195293973
361,7.585859687723281
362,7.940533080116498
363,6.8394036405409
364,12.83673150987088
365,4.673200455562284
366,10.213684988423733
367,-13.889049122961815
368,-21.988698754415545
369,9.803623217529033
370,3.699080363380914
371,-7.698483471674983
372,0.11962455600430477
373,3.2909241487573
374,-3.6245096674802406
375,-5.493645330816818
376,2.170219253572919
377,-12.34326702209942
378,-6.3727579890425545
379,-9.460315377902866
380,-2.205785304821341
381,14.646552305337273
382,-8.022427100325507
383,13.80245311489774
384,13.813096229006145
385,5.782660001137178
386,6.142003778832327
387,-8.726417318062488
388,10.056746451914714
389,2.815064635075605
390,12.953466860528367
391,8.501000314096572
392,-3.9200222238960905
393,1.2483034362989933
394,0.8606993324418766
395,-4.7755586900038836
396,5.504373271532868
397,-4.033531243265427
398,11.3580125694577
399,-10.520787315848846
400,0.02587456010928013
401,-19.9755665228983
402,-2.939524540429005
403,-0.3941673612499468
404,3.9010623069731105
405,-0.34118760394854375
406,-4.268111529620416
407,-0.9278783287295322
408,-4.520366378440863
409,5.72635308928257
410,6.633715483383451
411,0.6188342081098113
412,-9.8742709327026
413,-12.59987497239862
414,-2.5906070626826425
415,3.617001118320597
416,7.273254652428452
417,0.5064588311462863
418,-4.9308619235827615
419,7.965406697335753
420,14.172134859282393
421,4.486399098456931
422,14.61184561782978
423,-13.637389203219147
424,5.684378987142656
425,14.922768049581197
426,1.4732890889912884
427,7.866491627031079
428,-5.167708541350885
429,17.206351901863393
430,-4.471347232886368
431,5.731172181036293
432,10.48641193014521
433,-3.2481562725311917
434,-7.219542293434817
435,18.844731174217035
436,9.157796803078636
437,0.6747496112388776
438,-0.1177345549352311
439,17.656236480607006
440,7.427713594060227
441,-9.042401005191282
442,15.798601578361536
443,0.7795950062852285
444,-3.6700712439449648
445,-7.538903926570612
446,7.672252035695822
447,22.1515743908894
448,9.495535371540944
449,17.194287542718094
450,-2.0560136343671034
451,-19.253514245599725
452,2.3359304494053577
453,-12.511575006867922
454,-17.30492942503436
455,18.89086239717947
456,11.34790460916478
457,7.408711124801638
458,-5.444150286713823
459,-11.254933130228078
460,-6.034212034550897
461,-5.1760625690346895
462,23.135131246941985
463,-5.060944135115531
464,11.939053041004875
465,7.447965045024957
466,-5.187794639488277
467,-9.389689205004988
468,-24.641260185922263
469,2.7052876703888957
470,-12.278447070978931
471,-9.236251919435624
472,-6.174427880533746
473,-17.893023169740943
474,14.975688442956006
475,-3.0519293426972087
476,-12.361455680023342
477,-5.795328977587828
478,16.252048681844904
479,-14.362805301648763
480,4.554740017695982
481,-10.012145519161328
482,-4.788697021909313
483,5.005403476131974
484,1.776022435032468
485,-0.200380349958432
486,21.294825390063743
487,-4.2733402345477405
488,22.16893206872028
489,4.886374150393049
490,-12.560264856801933
491,4.826662524651353
492,8.347489329292365
493,-11.908833003167686
494,-1.2523662957988229
495,-7.772657016535278
496,4.999617206148934
497,-14.493035900124285
498,-6.351597380812105
499,2.5460620933528544
500,-10.301535712683373
501,6.671236439423227
502,1.4960805345291135
503,11.88598388255187
504,-9.503761225860927
505,-4.929089573004272
506,-4.13459448157742
507,-5.212910338215109
508,0.12401536642929578
509,-0.44134008859009866
510,6.876414954435221
511,9.277183589030711
512,-1.9847356274946701
513,-12.66538955766959
514,-0.8095822794732485
515,-6.665659569279443
516,-2.27527481715188
517,12.356140185653674
518,7.469925071627979
519,-5.476551516400195
520,-0.502877284567318
521,-11.291584298330463
522,1.2945450861877483
523,-5.12541464863899
524,5.284814745473749
525,-10.535576338794588
526,-12.963943433162669
527,8.758578619020653
528,6.345011973332175
529,11.710649787417239
530,-5.513492799949065
531,-11.500377572458333
532,-11.496454707033413
533,13.634882526948834
534,6.47087977103978
535,2.8477639226620473
536,8.699521098647974
537,-3.4018922175200466
538,3.487022478554792
539,0.45588914869746966
540,-7.49730055640795
541,2.7038319138582017
542,0.10646139025929902
543,-7.455853202500988
544,-8.88330269316987
545,-16.554646887395602
546,-5.805207789398292
547,-9.213090144826314
548,-9.23094099247435
549,-7.183888693960498
550,5.36387047438806
551,10.437931723834138
552,-1.1971318343201072
553,16.501723090780416
554,-15.006967357342138
555,-11.359094018635771
556,10.459512165823208
557,11.324144517324848
558,10.493626631256213
559,-11.498667145207868
560,-3.119343835825815
561,5.668876937619212
562,2.3493170173109323
563,0.3874070635779985
564,-2.949238127011915
565,-15.0397833011719
566,-2.8643318516089753
567,-4.715705849688041
568,10.771868754980169
569,23.320342970052266
570,-1.2491511966096294
571,-8.048313079208818
572,-3.67771829469686
573,10.434295090507291
574,1.7913417870831159
575,-7.241161712366877
576,-10.526544007469257
577,-6.923463773630984
578,8.143388179461489
579,-8.305463999189794
580,-1.8922921652174978
581,-5.364955532505327
582,11.630627435780086
583,1.8091467863070316
584,-19.99205844130996
585,-7.4628237071023715
586,-14.94160461426322
587,11.155894387249107
588,7.116087845286243
589,-6.328209866839684
590,-1.6196331956730576
591,0.6584324364469092
592,0.5574685027990651
593,12.829152228420181
594,3.076259107804555
595,-2.949548334841848
596,-1.7039640025700082
597,-3.0650106453244406
598,17.335758335707936
599,-14.356697010764462
600,-4.505900071333688
601,11.475194720730775
602,7.201412629606199
603,-1.3886541193723625
604,-0.05610682966006486
605,3.618576798673118
606,-13.026858964913087
607,4.351609876662499
608,-6.54264378106515
609,-0.1922695898828397
610,-20.031894878473448
611,-0.23852561252440418
612,-4.823168726272295
613,4.669741117870937
614,-4.4162846731167305
615,-7.8143721072057915
616,-9.031153589658995
617,10.21303202000337
618,6.9877085531504175
619,-1.5018892729798976
620,-16.739139380339857
621,13.55111723257732
622,-6.665772162058907
623,-6.361361076700072
624,5.623207877684439
625,-9.05847516099326
626,-1.696007665117776
627,0.7490618783373355
628,2.0285002566564057
629,-0.2637959936001828
630,-6.024423998662027
631,-6.39476441449348
632,-3.3627908568154767
633,-8.147916997317347
634,-12.123252234542404
635,3.1082058256957903
636,-2.6325537960765377
637,5.265077466362843
638,-1.969900353202694
639,-2.082138239799848
640,0.15734242136304788
641,1.4890500369107167
642,-4.594637686788212
643,3.7249302507129096
644,-20.907020123682475
645,4.280457320504601
646,-15.118832073987097
647,8.22289449279184
648,1.4677039570472448
649,0.28320358865047013
650,-6.5977202754816044
651,10.97768732791517
652,-6.446999195416733
653,4.9925486661132235
654,12.951791546729336
655,-6.369478012202459
656,-1.429572763176989
657,-1.3705945352841646
658,1.186013110135757
659,-3.1988827829734037
660,2.616980642512376
661,-0.5282289869720511
662,-6.14326276570347
663,1.9593799378719714
664,-22.861780845888045
665,-0.17321689849837507
666,-3.5992825402096065
667,-1.3069918544398476
668,13.480485923102393
669,-1.0778062612552302
670,-14.632171653339809
671,9.766239938946473
672,14.347251014653136
673,8.204499892529508
674,15.81317341085252
675,9.6186583909035
676,4.4570717017966075
677,8.56144718636623
678,4.509969981063344
679,-0.7312735111918736
680,-6.229771907404602
681,4.86581676080584
682,2.9176893396982475
683,10.98778243655983
684,-8.118849127749282
685,-14.422745971367549
686,-13.289665235081438
687,1.3963005714972843
688,5.9572174721029665
689,10.094338881614062
690,16.94484931060022
691,13.583824250487261
692,14.413106534611106
693,-2.046531344138843
694,-21.93260208969719
695,8.461517275941127
696,1.8545696190873218
697,13.98312081854366
698,6.132898446221753
699,0.9429306634959636
700,-4.5246277687693714
701,3.567849536651162
702,9.435367821573895
703,0.6464699098226507
704,6.665666306720588
705,-4.176073089730649
706,20.331295193443342
707,-7.890032737597959
708,-8.708112087773952
709,2.413397355656288
710,-6.987620555711002
711,-9.132146820447907
712,4.693538500600703
713,-19.571177305362866
714,5.739864662039931
715,-6.7202862851773535
716,7.93517345672881
717,-7.999404602264519
718,9.772760232610482
719,4.665618915736914
720,4.295554401454894
721,-0.338536469156651
722,-12.308053109129368
723,2.7208571669616624
724,6.2293691862671094
725,3.437179685209122
726,-6.372353537132582
727,-7.051114311876222
728,1.135169118390701
729,0.5301006270968451
730,7.2540852975101915
731,-4.538675486945212
732,9.446947111675824
733,1.827075585782347
734,-5.891158953968333
735,-0.9523002890164137
736,-7.234276591802923
737,2.465836080376569
738,-2.075847912648718
739,13.4628405122173
740,-7.941428164614486
741,19.14579488295857
742,3.166019200295843
743,-7.450464174109493
744,4.291119265813386
745,-3.2849199556440247
746,-3.9712222992323127
747,-1.537604807516444
748,0.4908427661164185
749,7.553830482375491
750,-0.7746921091246328
751,10.272638254661844
752,6.586622728215986
753,1.292438316206968
754,10.668337732284847
755,24.902913535762554
756,-15.387519164328545
757,-9.98095835614384
758,0.28363061699961367
759,-14.082152578128577
760,1.956451043549413
761,1.9158701388782657
762,-1.4189548858670062
763,0.0788452045812228
764,0.5260627290571473
765,4.79470976979699
766,-4.900715552376734
767,8.078037719442367
768,10.139589061075325
769,13.643272952224777
770,-4.0599874482361615
771,7.63915194910643
772,1.2695673889164878
773,4.623595057690536
774,-12.671374345871747
775,-3.972955896870599
776,13.095806408433852
777,-2.250672979307607
778,10.247184447045134
779,-10.369097326007306
780,-0.5647708161349572
781,-9.41209338430646
782,6.700999881328128
783,-4.909422313588195
784,-4.930539558472569
785,-8.525506416194332
786,3.044358311053588
787,3.6604941214263342
788,6.885899987000463
789,-25.682040419823117
790,2.442008131276677
791,-13.114960878564208
792,4.162732354430564
793,2.8721901877583944
794,25.475379942404278
795,-4.880833656171196
796,-19.343324316088683
797,6.083137666636375
798,-10.578305377605188
799,-6.234639731024462
800,4.729352952477074
801,-0.31553158860965036
802,-4.857840941586561
803,5.815407220444236
804,-4.622047730002745
805,-4.5835312575634735
806,20.516751568503768
807,1.070187515068361
808,-8.593006921281082
809,0.7078714689894681
810,-1.881521823425578
811,0.6641698528686598
812,11.063668788564517
813,1.4665257584400906
814,-3.840482745993345
815,10.564108051909413
816,-1.3450149974859613
817,1.7401504318999366
818,3.713299756157996
819,1.5415059221924028
820,-2.4294774027647628
821,-4.37477631461209
822,12.43755361865669
823,7.647747662937169
824,-4.606117366286302
825,-5.882496969973179
826,4.123912432141107
827,11.499588395411998
828,16.181056452008683
829,-14.975336827458754
830,-0.3009387532320738
831,-2.7074720087875948
832,18.515429365485918
833,10.574265527291704
834,-7.61828476442738
835,-3.5361842238687116
836,8.00193094060942
837,10.15502780618192
838,3.1509352180984584
839,1.7868154625479067
840,6.488171099742949
841,-4.579112354114436
842,-3.090779113281346
843,-6.476768092475401
844,7.8091798598126925
845,-2.9282201148001046
846,-17.30304679809273
847,-5.391559905701746
848,5.18789481043537
849,-8.515675124911263
850,1.822625975241977
851,2.225165682413011
852,-0.08236379285746143
853,0.5412428566181648
854,4.848527275533817
855,2.920634863961018
856,-10.064159854121222
857,-2.268533204204089
858,-7.767338283297761
859,-12.470823975127631
860,12.193659548193517
861,7.318626577482021
862,10.882304461849776
863,-1.7221490001198454
864,-0.024751798897100663
865,7.855951818702593
866,2.8067574893125657
867,24.20824075847294
868,-2.056884419100119
869,-2.4843263103807187
870,12.14763851776829
871,14.806535704449905
872,-12.236538173752662
873,-3.1785653531839935
874,-9.962255620437286
875,8.706797625077039
876,5.9020152828906385
877,-10.528671700319759
878,9.285709382546464
879,7.075589654292955
880,-8.432466338242538
881,-3.3632067339155425
882,9.933636648928458
883,9.389560825238565
884,-3.3579976945280983
885,-0.1840367938539993
886,16.5907498983169
887,-4.466849359067964
888,12.11409293565162
889,8.336454624692047
890,8.844527256202786
891,-9.37611932830201
892,-3.5450774946701253
893,-18.077840096451766
894,-0.42616664177904245
895,-0.132361393507467
896,12.575211939864499
897,13.576955600259112
898,5.166826985832038
899,-2.984612891372257
900,7.667888401135159
901,21.005715393551327
902,0.7645392210139492
903,-1.2912498713588825
904,-7.256699485334666
905,-2.0881884304554434
906,2.956314282721197
907,-0.5896392380865341
908,15.106465205505332
909,4.26192752532026
910,-0.6296501296096455
911,19.693424938001336
912,-0.0569991531362537
913,7.220425895917143
914,-0.16612534685593894
915,-7.405476022825513
916,-2.2049253408019798
917,10.617083562263469
918,12.271680057778694
919,-2.960452103115041
920,4.164647485865963
921,5.843369531687952
922,2.8867271505865197
923,-10.87665288495413
924,2.899404809285835
925,-0.7325430877425032
926,14.937472758320556
927,-2.635482772499026
928,-7.979980863766489
929,-4.407987192941564
930,-8.728808596790348
931,4.5920671984484285
932,4.407687378293545
933,8.79878619645203
934,-8.384504065133614
935,-8.30620069617523
936,13.350918891906801
937,-18.361431737485084
938,27.271660570230477
939,-3.946083833748856
940,-1.2670121200004765
941,13.81292774697663
942,8.781424859336077
943,-3.345305739867113
944,4.877099118128805
945,12.71527761466882
946,-18.60586447797264
947,5.331841108051179
948,-7.2833134130843495
949,-0.29824459100353273
950,-3.9445956074302857
951,10.306323706430298
952,-6.69637624535029
953,-12.341496702339068
954,8.156137491831158
955,-1.8284536483826601
956,6.150834566076386
957,-9.386154071944834
958,-9.645135944119511
959,4.812809454046602
960,-18.023048895532042
961,-6.504881450128673
962,-10.858028911819414
963,5.770474770641735
964,2.2711697346599173
965,20.434560905271677
966,6.672774285276716
967,8.88882836703952
968,-5.162844823085959
969,1.6839605393625576
970,-3.180944384361966
971,3.9332214637454523
972,-1.615527312178334
973,-4.203420052738793
974,-0.16598297643196336
975,-10.045797523665932
976,4.77871247722992
977,3.6197743520023042
978,15.628120546703206
979,20.355562927147794
980,3.9871873440611063
981,-31.0936758014671
982,12.410154142195934
983,-2.387172426493302
984,4.533505074233578
985,-14.281596932324609
986,-0.8163380879902755
987,10.519316549570608
988,-1.2324276840399473
989,-8.856111710119379
990,-3.0543797387885316
991,-0.7573301049400121
992,-6.094428046379169
993,-5.1165211078038055
994,0.47008832628809216
995,7.095896063621476
996,-12.858998596976338
997,-7.290780504426436
998,-9.931231393863502
999,-1.875979652882927
1000,0.5148080393945276
1001,3.160620247917455
1002,6.170474462111934
1003,1.1033366061192835
1004,-3.432823150553841
1005,5.154031985357619
1006,-2.475776535440949
1007,15.481851082604475
1008,-23.5219532169156
1009,6.314830918463234
1010,-6.032304223286051
1011,3.627576824175769
1012,3.1181811499734793
1013,12.781200322945649
1014,20.807631532359846
1015,10.398218995671805
1016,-1.1390844116612318
1017,6.136837746228563
1018,1.2292431061854743
1019,7.941094063387516
1020,-7.975892869711738
1021,0.8511078814373838
1022,5.699011366674567
1023,-7.822246840991545
1024,-5.827023145946275
1025,10.807245301146558
1026,1.6308924409050585
1027,7.3477882244907295
1028,0.7147320949110763
1029,11.35159484993857
1030,-14.1926156936959
1031,-3.8316656771107667
1032,9.9356028104447
1033,-8.175301554479441
1034,4.906375250444477
1035,-3.9964760265136894
1036,-2.7086096824152337
1037,-4.412338716423423
1038,6.627212225988552
1039,-1.7722800087924746
1040,-6.149517266769332
1041,-5.980330413181848
1042,13.789067806525274
1043,12.52417808268947
1044,20.68631264602302
1045,5.656436244898204
1046,10.0934590293204
1047,21.484613854465405
1048,11.497573663374283
1049,-0.055135121504223505
1050,3.5616741734162787
1051,11.296646244737405
1052,-1.2392058004901276
1053,12.20068973623981
1054,-10.365495236825316
1055,-1.3084252596048958
1056,-2.0433818682142326
1057,26.092627950530087
1058,1.946366032513042
1059,5.113582860818587
1060,-3.515614967997116
1061,-22.904558604854326
1062,6.353494506094522
1063,-3.930918327270254
1064,-8.488433123805176
1065,1.6326602942906163
1066,12.614056862796708
1067,5.732240940761626
1068,1.5428688497422864
1069,1.086035196133514
1070,-20.42723431293622
1071,-0.944170356673566
1072,-16.56858920415018
1073,6.600328729769369
1074,-2.8889903247851914
1075,3.0178664399455286
1076,-0.45383805845293923
1077,-0.40511292200376126
1078,2.5319382567253705
1079,13.32315439386363
1080,8.11573726769266
1081,14.563740357775249
1082,-12.50798035356205
1083,11.401090377296041
1084,-3.91228467933451
1085,7.378101436688323
1086,2.2359413119546945
1087,8.171111371814415
1088,7.116610735232279
1089,0.8349579341681932
1090,-13.296384328882453
1091,5.46876333811083
1092,0.19868305981577983
1093,-3.139330890806372
1094,-12.461643927392132
1095,4.55778170114868
1096,4.8101687738199965
1097,10.394569571872317
1098,-11.713571782921244
1099,-4.342510653069395
1100,3.7491485125273405
1101,-10.486461156805007
1102,2.1033438881627653
1103,-4.813267427804271
1104,-21.446238799392503
1105,-9.627656898073717
1106,-0.884980608724856
1107,-5.06252704025838
1108,-9.988346779710184
1109,-2.805293496949078
1110,-6.446664893770336
1111,-7.066122589744338
1112,2.4434175112040037
1113,-1.5608154259081264
1114,9.141210222094482
1115,-11.33023253234424
1116,-3.038842123187493
1117,-2.211731426260838
1118,2.2492622819251924
1119,-9.117032184696399
1120,-1.2239955587111286
1121,5.508013307550478
1122,-3.7700096138152883
1123,-12.616898947709593
1124,8.135806168084198
1125,-1.6386254431444156
1126,0.9753600460169181
1127,-4.98040059778378
1128,-1.5426539675802111
1129,0.31140172082790496
1130,1.857929672455621
1131,5.49931340279327
1132,0.7197445836641941
1133,8.634420600364082
1134,-3.3924519473062658
1135,4.726539299734346
1136,-2.6106051480599635
1137,11.666044315216034
1138,-28.114313526299014
1139,-1.3657797015496964
1140,-10.674245850715506
1141,-5.591905192147065
1142,-6.233069001660192
1143,-17.17394239785954
1144,-5.348118796732681
1145,-6.125679245853615
1146,-2.5378544791827884
1147,-3.5105892866165673
1148,-20.296622643201847
1149,0.10651239291395603
1150,0.13724137783966794
1151,-2.8103022671381863
1152,7.148715268979054
1153,-14.487590996966077
1154,-10.659657184422073
1155,1.6976014547051714
1156,-2.9880448343323174
1157,10.342666485693348
1158,10.164650529482211
1159,-7.926764561381961
1160,-3.409861185858203
1161,-0.34723431612758526
1162,-2.79959746489235
1163,-8.965856783374083
1164,-0.8624281841748109
1165,-13.606847048855883
1166,-4.455074563404914
1167,2.7442335189916465
1168,-11.56656498556761
1169,4.989098865972842
1170,3.980167749294965
1171,-1.3142494346594118
1172,-12.367804710883181
1173,-12.744958375291567
1174,20.40001024311968
1175,2.6522470069274364
1176,9.291165960987044
1177,-6.084392349268736
1178,-2.802553129625033
1179,1.3972931236251367
1180,-8.942352435503656
1181,-5.248941622933972
1182,-1.9118877776189702
1183,10.13716826856173
1184,12.977660665910138
1185,-11.069275433732656
1186,6.985386319613328
1187,-1.6106690409407567
1188,-13.996766497511484
1189,1.848039989040184
1190,-6.945208546401933
1191,8.363640602001102
1192,-3.0313395847125113
1193,2.246382470039313
1194,-10.604341612347564
1195,-6.861565033033466
1196,-10.242061420796835
1197,7.7080034498739
1198,5.4920482502903605
1199,2.5420986857388623
1200,-6.042303950459174
1201,-16.642379956571197
1202,-13.009129646586615
1203,5.39376470558737
1204,11.168115807099552
1205,-4.681466131471604
1206,3.9337249015591054
1207,5.1802978497431855
1208,-2.675921748075252
1209,7.4681813102142245
1210,-4.596423842062814
1211,6.79808177213199
1212,-0.9269658464995576
1213,-4.245706679594637
1214,-20.596217757521345
1215,-2.2414399776668414
1216,1.3489982456035348
1217,10.280689783402831
1218,-2.651425091957216
1219,-6.153527780117793
1220,2.1385505169440457
1221,-28.215501116717164
1222,9.513517866362525
1223,2.7902442207691687
1224,5.1908481290877715
1225,3.1358848851719845
1226,-10.38511642942731
1227,0.8870157354092916
1228,-11.521110563314213
1229,-1.3819915060790748
1230,-1.4564858927868551
1231,-5.26945864558156
1232,11.45573092524495
1233,-8.37235773355692
1234,22.07951322929993
1235,8.409914009370276
1236,-5.6695841330127745
1237,12.21706649613973
1238,-2.3177642086905967
1239,-4.942899132502786
1240,4.3774910822665305
1241,9.7116455887347
1242,8.636605647898609
1243,9.428526161458757
1244,17.87166357267803
1245,3.867294485371463
1246,3.1896879804331113
1247,2.5217407239011367
1248,8.596470291184598
1249,0.3427927129202597
1250,-3.0521351695345844
1251,9.749393022957484
1252,-6.304185611068025
1253,-13.214220307324933
1254,2.884199311921565
1255,3.4232396734192565
1256,-2.374012615979762
1257,-6.635700151872726
1258,20.039582250378537
1259,-10.42716555612046
1260,0.19125059279523593
1261,7.0710513569361995
1262,6.91672936286295
1263,5.221537444444761
1264,11.373133207978896
1265,4.334934938560606
1266,14.127699294462998
1267,7.60914568820015
1268,-14.67054377712741
1269,2.6752692016694257
1270,10.588909851444855
1271,-14.386298583927243
1272,-4.33632593483846
1273,-5.684985749539595
1274,4.3288288245002615
1275,-9.5483094889943
1276,-3.782082312579997
1277,-11.189445023766924
1278,-14.892146527760561
1279,-4.16558857365844
1280,7.89399803347108
1281,6.599775793537965
1282,1.2961755759943951
1283,-9.425754585606349
1284,-1.981843833143408
1285,1.1801551976169335
1286,3.319560111981532
1287,8.747990775434538
1288,3.67906308410783
1289,10.028976003395261
1290,8.331886138806526
1291,5.677658038600649
1292,-0.0005439113311649368
1293,-15.220668980141703
1294,3.3827705311309173
1295,-10.125409323570903
1296,-2.4684486170669473
1297,-7.045309426263848
1298,0.34196427008299235
1299,-2.695626959670008
1300,4.165461076259225
1301,-0.5039276780873889
1302,-9.167925769631099
1303,2.851157640967828
1304,5.366411978168248
1305,9.16012290281359
1306,-8.588549328092068
1307,16.544679635990015
1308,8.061472308429112
1309,9.222620944612729
1310,8.978279275433753
1311,14.725947928788274
1312,-3.162053106092083
1313,0.8261089480557118
1314,-3.586564227653559
1315,-10.266439801246086
1316,-9.839809807432957
1317,0.8140811977115541
1318,-5.336026366227534
1319,1.47906952660307
1320,-0.12258015469891914
1321,-3.0715000850857694
1322,2.2872605117554947
1323,2.3539088992032537
1324,3.372950929514153
1325,3.269959807704329
1326,2.264441427641766
1327,-13.18102282139078
1328,-19.80178704656217
1329,11.36209634820645
1330,9.60412227183207
1331,-17.303710424161807
1332,-4.109065673323996
1333,7.554141160560011
1334,-4.21080668026236
1335,19.158635532291925
1336,-17.013007909095467
1337,-15.325082085624707
1338,13.136902318796604
1339,10.64384700692997
1340,-7.371344647446889
1341,4.787673315836747
1342,11.50578427638851
1343,14.74071659898853
1344,6.930736726889487
1345,-1.876975731896747
1346,-3.5646011528661212
1347,2.990254283537745
1348,5.250765589908994
1349,8.319832720345865
1350,-8.901503913817606
1351,0.9321368480875534
1352,-1.4467562167033483
1353,-15.635564585702713
1354,7.976554529128805
1355,4.446399006372479
1356,-14.792254015916038
1357,-5.519954674404654
1358,-0.6424045535652878
1359,-9.497021385406429
1360,12.554653424177811
1361,15.34920373415414
1362,-5.274571945708658
1363,6.311395780589434
1364,-5.019683132348895
1365,-12.84138373960035
1366,10.621728333725892
1367,-15.448688285329865
1368,-10.453460545561233
1369,-1.7959336318586367
1370,8.715770870091534
1371,9.371236470914848
1372,-5.903712381182728
1373,9.405744097872645
1374,-23.594953237635888
1375,14.248650139689172
1376,-7.463222827034294
1377,12.553060306895373
1378,-0.07861183815266537
1379,-1.8833163930360222
1380,3.1458325143095225
1381,7.850075841769263
1382,11.511990174459584
1383,4.402205706349115
1384,4.06558774180588
1385,1.8505729627409646
1386,3.5441341296850157
1387,-9.343645984759384
1388,6.98876257525968
1389,8.573669029648862
1390,8.848332463507635
1391,9.722143671193624
1392,13.272440221167281
1393,-6.214960119500677
1394,16.301584364895227
1395,2.7871500471500714
1396,-2.6827155036361403
1397,-7.190284651982519
1398,-5.3421648972769376
1399,-7.367345820615544
1400,6.101560472765785
1401,-16.250069486405625
1402,0.5828451901868252
1403,-13.1928183627528
1404,14.368625749465771
1405,1.1996228375488531
1406,14.989956183553936
1407,-6.729389967977579
1408,-8.66028123114706
1409,-11.547413542251705
1410,21.781325666863566
1411,3.7697425251641588
1412,2.0698916728766097
1413,0.535066673395832
1414,-6.201290414244806
1415,9.414332383483686
1416,5.612405084436677
1417,0.6233466021899814
1418,8.460603527969043
1419,2.6738075537668404
1420,12.902127429440933
1421,2.2641980599954534
1422,2.033722719175838
1423,-5.392762938287912
1424,-5.183617331144779
1425,8.2044110068533
1426,7.204335477927032
1427,4.437471501398175
1428,-9.075630391766449
1429,-0.45262942685502905
1430,7.489482851823125
1431,-1.751863802883336
1432,-8.364542782610881
1433,-2.842897411691082
1434,-15.417366080582351
1435,1.307443774715018
1436,-7.106889104251028
1437,14.74015820268497
1438,-13.921553310486907
1439,16.591371213451875
1440,3.9550550441767904
1441,-9.441544490302096
1442,-8.310854698658813
1443,5.275533790039246
1444,11.706616818096101
1445,-8.470175002185064
1446,7.087782255650502
1447,1.5371407090331726
1448,21.15044924849103
1449,0.7073373433132533
1450,-2.9388291580359285
1451,-0.03891558774325343
1452,-18.09102387862649
1453,11.096219790926868
1454,4.242038183468846
1455,-2.9796644793144202
1456,1.1409940122875872
1457,-15.825326787823583
1458,-5.383358511488343
1459,-7.380909674562523
1460,14.871381197244578
1461,-3.504888496389758
1462,-3.421054303516751
1463,14.979224206776545
1464,9.490769037618257
1465,-14.518524498785183
1466,-1.6700257187008527
1467,11.299250376060948
1468,6.076736354273356
1469,2.6951080502416005
1470,0.661051950757324
1471,8.454805670603696
1472,-4.6503939515094705
1473,-0.1774698348765278
1474,3.539427903128845
1475,1.2662712486154846
1476,4.177976430430919
1477,4.06025604114939
1478,-9.623254903421948
1479,2.811621860381833
1480,4.654267782559946
1481,17.096450184644503
1482,-1.3255945335810435
1483,-4.379619005043895
1484,2.3607890509039366
1485,-4.545367925126851
1486,13.400888959113484
1487,11.267082249287071
1488,12.933002859535433
1489,0.5187435978930961
1490,4.108145869103462
1491,-8.629183809235617
1492,-7.777654585637397
1493,-11.134154913023089
1494,2.7637435140682873
1495,9.228315883868389
1496,-0.7227254361002435
1497,0.5276417921358763
1498,-3.256237042491632
1499,-2.2083218330851633
1500,2.5835622034649486
1501,-24.344323790495057
1502,12.561395711501733
1503,10.677072193946975
1504,-7.163322022934649
1505,14.19084607052307
1506,-4.996655002256205
1507,-9.31799052598765
1508,13.384152910186806
1509,-6.3246125250861045
1510,1.8841880985890875
1511,3.1230106510304587
1512,-1.1124604888861382
1513,17.5509449541963
1514,-4.786931863745481
1515,-12.856623270694588
1516,13.982327166343987
1517,-5.261213562606522
1518,-1.334031258587619
1519,5.592483760144506
1520,15.035180561023212
1521,4.344359922031526
1522,7.230260517817834
1523,5.947663045658358
1524,-4.579754697759248
1525,-2.7259778460425785
1526,-16.544346846604025
1527,9.989299557154776
1528,6.671634742127706
1529,-17.683479046698498
1530,2.3365985812066556
1531,-2.613054733739689
1532,-1.3181475121519517
1533,-9.252517532756816
1534,-7.555563627919902
1535,3.5972926596153108
1536,-0.5433873087701632
1537,5.4609331845651825
1538,17.164960886292246
1539,3.0537539675511516
1540,1.0028301236545991
1541,4.639418730887617
1542,1.115294317614934
1543,-11.567278289316278
1544,3.117027529441378
1545,-4.269171543364832
1546,-14.702648889609215
1547,-3.65853359626116
1548,6.221400860893947
1549,11.934701999833653
1550,7.430243646483341
1551,3.824237982785297
1552,11.633615698108585
1553,7.854693946823022
1554,-7.539025581146521
1555,7.496180799500368
1556,8.034680503438263
1557,3.593457686126669
1558,10.373159086798662
1559,1.5671111452514057
1560,3.181732689494197
1561,-4.041100672136086
1562,-9.518843585169328
1563,-8.298957751532543
1564,-13.52181698359665
1565,1.6149967155738676
1566,-11.502774996921787
1567,-0.8229543348617545
1568,4.878557063059818
1569,11.906640816889901
1570,11.803880544174934
1571,-4.9778740770656285
1572,29.617441150975168
1573,2.8666074955843293
1574,4.815332035093538
1575,2.6193307626324205
1576,10.923882488512454
1577,-8.751457447995357
1578,-0.5001334513823111
1579,9.886732176563228
1580,-0.5681793783651488
1581,-0.262814134013975
1582,2.1663972374512683
1583,8.446296767757596
1584,-0.6766261389418187
1585,1.4008197931995436
1586,-8.778171768919698
1587,-1.7889259992448157
1588,5.438254352495001
1589,1.123968506999979
1590,-7.197585201260349
1591,16.020522789447458
1592,1.8104544286023743
1593,2.6237623420279292
1594,13.73571125300204
1595,-7.009920269205014
1596,5.314023585225354
1597,-2.005019696640924
1598,7.157635965370908
1599,9.32707299521452
1600,3.2449861283896464
1601,19.796813430052712
1602,-10.456637551325787
1603,-1.8924903749579733
1604,0.8686818002527731
1605,-6.810049200834118
1606,-11.375966723930379
1607,5.3617431250847485
1608,-14.244817047178906
1609,-0.8783243640628515
1610,22.61101118686288
1611,-13.794683399255462
1612,-3.6000823921217773
1613,-3.967573627504006
1614,-25.828327713715453
1615,-0.7900848860867193
1616,-8.35577962833157
1617,-4.291622917748198
1618,3.8623598333578357
1619,-11.352298946632352
1620,-11.120547689821027
1621,7.4971311488001
1622,-7.5715400282597605
1623,15.924737422169168
1624,0.07295720376414305
1625,8.416408319003732
1626,12.320471391370694
1627,0.7806875028754643
1628,14.464972775803467
1629,-4.799003661729153
1630,12.180778285560141
1631,5.4694445278612935
1632,-3.419200432732615
1633,0.3078559036701005
1634,1.2604616730615497
1635,-6.889789349057404
1636,3.6713641778655637
1637,-11.666351955188789
1638,12.012047613536271
1639,18.105341954196582
1640,3.277199775744079
1641,9.183998662690936
1642,1.2479398379466895
1643,-5.278118555247647
1644,0.9501157235955078
1645,4.46673524697548
1646,-5.536614710891268
1647,-9.021360651266766
1648,8.377323971625557
1649,-15.80665643763351
1650,-14.787667986422928
1651,1.6783211598422725
1652,-5.12683013944441
1653,11.840331988459736
1654,-0.6492509182262758
1655,12.689882294451387
1656,-2.7126836705095627
1657,-4.367348536940016
1658,-9.635555626022832
1659,-16.29295641268388
1660,-7.482675052433965
1661,-12.078014961922992
1662,-4.89294032312281
1663,6.177027877577896
1664,-2.486755289050894
1665,9.248697724449372
1666,-5.47267763418416
1667,-17.047105352648387
1668,-4.1110181177219705
1669,-15.8163749791739
1670,-10.004872492225333
1671,8.21152456242962
1672,4.731026863281327
1673,-8.785967589981428
1674,-10.120164762273417
1675,2.273657953256745
1676,4.267431383050069
1677,-0.38185478899126946
1678,13.619278012423326
1679,-8.01782927225085
1680,18.06672643012653
1681,-11.207357243091534
1682,-5.307825123678429
1683,-6.7108376120158475
1684,-13.079707847567205
1685,17.634432538441004
1686,8.579661172695822
1687,1.031994971305949
1688,1.941784293626227
1689,19.387948622792237
1690,-5.409486722530811
1691,6.159737424152597
1692,-5.7622004918974605
1693,-4.75889384450806
1694,-12.76032113893671
1695,18.859718854857316
1696,-0.6966620127144916
1697,-2.214458225541728
1698,3.885875615316941
1699,22.317839756997312
1700,-6.7576761818653095
1701,-4.15733802840546
1702,0.12470338080279131
1703,12.35061852105175
1704,-1.147208191783574
1705,-4.24492738705106
1706,-7.4876618743241306
1707,17.092553919818858
1708,4.034077348277277
1709,-5.342961034611837
1710,0.8811543951740028
1711,-0.5827014142491378
1712,13.039518963591991
1713,-2.763476034003852
1714,-11.875060622027684
1715,2.81470548916936
1716,-0.9581136324963095
1717,2.364318217886667
1718,-3.6566260726205173
1719,6.152006520837804
1720,4.1583453589197985
1721,-0.02905036567389363
1722,-9.053614147782104
1723,8.229146515934596
1724,-1.3960463695359981
1725,5.240352015577233
1726,-12.840264595171432
1727,-20.384615583601235
1728,5.435072008190789
1729,-9.590547561200347
1730,-7.173782632927452
1731,-4.471561788042271
1732,-6.5600629438060825
1733,3.458553460147548
1734,9.203638508644742
1735,-3.1395275885246647
1736,5.301400391580593
1737,0.2758607046745212
1738,0.19250292887901654
1739,-2.4549006711909693
1740,-2.7492756730383565
1741,-7.580473279002627
1742,-4.717559723723025
1743,12.990641431842798
1744,-9.268587394712023
1745,-1.8964923451404285
1746,-7.398884623178687
1747,5.117929959988642
1748,3.3839418002349744
1749,4.1395476883541775
1750,5.660770405888288
1751,-6.791636246459197
1752,6.502541039526902
1753,-0.7623287457035457
1754,-7.18180794744983
1755,-4.5388821540761395
1756,4.604258261868894
1757,-9.6380569840357
1758,-6.377991991827242
1759,-0.27416649952251415
1760,-18.066456569715616
1761,1.234293927684221
1762,6.291027672104084
1763,2.4356604487348994
1764,-0.8595836382791737
1765,-11.505853945748823
1766,0.11026322176776837
1767,-8.326275338244907
1768,-9.229389720960672
1769,-1.5765257108753192
1770,8.326397911693569
1771,0.33675572917470964
1772,-1.7174445318672111
1773,-7.642218707440645
1774,-19.944449736514358
1775,2.7650533986842882
1776,-16.634914969763702
1777,-3.9385384502148817
1778,6.523747709737473
1779,20.96137568537329
1780,15.804665564483457
1781,-4.9024165788449805
1782,-25.792686889621162
1783,-5.572878780428092
1784,5.7158640496284345
1785,-0.6877482317567192
1786,16.749961866431185
1787,3.3965429086888075
1788,15.471575685557289
1789,-7.116756587324086
1790,-3.2817191895422897
1791,-4.994902660932008
1792,7.695928178148741
1793,7.427231014218687
1794,-0.6784134792337078
1795,-2.684780839982518
1796,8.89431751867234
1797,4.8529379766721705
1798,7.725844903053725
1799,-18.42850300983916
1800,-2.1223762947751457
1801,-1.5178395665168822
1802,5.1421612503731815
1803,6.923083195903105
1804,-0.40186141056826274
1805,5.157462405864928
1806,-4.707609416095432
1807,-6.734353047147242
1808,1.932156606900238
1809,16.114089898802682
1810,-7.178981099541494
1811,-10.069800384625355
1812,2.739659358463389
1813,-11.272464459531248
1814,1.7721719234752034
1815,6.749015879222703
1816,-0.745687062166041
1817,-3.0587141476788537
1818,-1.2204166700589687
1819,-2.204786348683043
1820,2.6253925584123827
1821,10.755492012071576
1822,10.13348807052405
1823,9.211494064401908
1824,-11.214657278484353
1825,1.4959841439485855
1826,-14.467338093763878
1827,4.918048732156657
1828,2.8735897691102266
1829,-3.8813146646285754
1830,7.669729626982678
1831,3.7806271578992363
1832,8.014989884302487
1833,2.806891798981392
1834,10.518300392871641
1835,-4.1793706342702
1836,-1.9410074376128241
1837,4.855904719847411
1838,-2.1260001646470394
1839,-6.845980268838391
1840,5.216279294045922
1841,-5.0676331457076955
1842,1.3393368191245418
1843,0.16653231448623518
1844,-2.6071901331843583
1845,8.896578068611248
1846,8.583557599281152
1847,-4.721462552304861
1848,1.7369639198826052
1849,-3.697957067512008
1850,-14.594945029380757
1851,7.521131511121979
1852,-12.671497183842634
1853,-1.4333796962909808
1854,-12.952813731034322
1855,5.420148248422785
1856,-5.990043284729207
1857,2.5090153788692335
1858,-2.3881392424865604
1859,10.762776394194965
1860,6.989466359010962
1861,-2.7343920796989245
1862,2.43545457416121
1863,-11.561165679661112
1864,4.183399582979593
1865,-5.331048172999237
1866,-16.29800178848371
1867,-0.8458859259147569
1868,-0.2894204974714696
1869,-3.268795220234485
1870,-8.203097757630172
1871,0.07226867653330071
1872,-8.145021763040779
1873,12.28959774122723
1874,4.260384503202524
1875,3.2181885243819583
1876,-8.23899364513785
1877,-2.789846911578026
1878,4.683909951151042
1879,13.422128542155825
1880,20.640723003408453
1881,-3.433299928104063
1882,-9.074254994383331
1883,-2.827242332485321
1884,3.0759489218330978
1885,-18.361170584819376
1886,-2.9525537003966678
1887,-1.3467351815449726
1888,-1.0984129555994269
1889,-3.6259868031369966
1890,-0.05317615562286582
1891,-6.260294177473066
1892,-10.13829427190248
1893,-1.233708372979611
1894,19.43089461401624
1895,2.1024475302205703
1896,2.871700991970795
1897,2.5838802977289763
1898,5.906740065175967
1899,8.08087758851352
1900,8.33633211449612
1901,-9.983566354401876
1902,2.374469116108751
1903,-9.794328382033298
1904,-1.9899585357288516
1905,13.545467408306468
1906,-13.182234967375946
1907,4.206405747130648
1908,1.3291707327664453
1909,4.4597498743051736
1910,10.97617499652637
1911,-9.518961290892808
1912,9.416529577135217
1913,-19.723062559460587
1914,3.990509773808358
1915,3.420824920160979
1916,-2.0676149062797835
1917,-18.6462511745954
1918,11.969472645251702
1919,-1.2592410227991513
1920,-3.0981707314860114
1921,6.512345502382338
1922,1.662834754932037
1923,1.0426042356002774
1924,1.4394050295534964
1925,5.913103650064728
1926,2.0508237662104074
1927,0.08625205454347862
1928,-0.11139740244661311
1929,-5.803887755425373
1930,1.6702488825125288
1931,-9.831650083691708
1932,6.843078058321137
1933,8.964408060528738
1934,5.719445593994072
1935,2.3342555205709568
1936,-3.735561974226503
1937,13.99502071762756
1938,-0.14820929878938216
1939,12.535084282732127
1940,-0.48108875871367474
1941,6.997975627573761
1942,3.0689124312300358
1943,-2.4008531485975726
1944,-16.210574734927526
1945,12.933270957382838
1946,5.0466595924930315
1947,0.4528932535771175
1948,-15.417978068803045
1949,0.8177579759183491
1950,4.313837798779226
1951,-5.5708078686247795
1952,-10.146951512578791
1953,-4.395410423555978
1954,-0.8748217540873493
1955,1.1307161679552469
1956,-16.020901768309674
1957,-8.555290402984307
1958,-14.231275313075757
1959,5.738053278965057
1960,-1.8563384019861136
1961,9.703089492248267
1962,3.682105952604196
1963,11.35134141824757
1964,0.22237875251716233
1965,-0.0888782323120702
1966,7.723984983558941
1967,-9.010761887038445
1968,-8.651962428426256
1969,1.460798214370426
1970,12.320668061007257
1971,0.35632899802254325
1972,12.507535359263208
1973,4.071758385355467
1974,7.010136820956926
1975,-2.4948673275757756
1976,3.336436460476028
1977,-3.6425671787579823
1978,10.691366624916313
1979,-0.5297944355730984
1980,-6.988603584169717
1981,-2.8704730780932213
1982,2.4793510886640076
1983,2.461887534954097
1984,-1.654064417148005
1985,-4.605925879522001
1986,-1.684566940318442
1987,7.639812584690484
1988,-5.9477843367784065
1989,19.10860217261927
1990,11.072655587946945
1991,-3.1828848974110793
1992,0.5574691464298165
1993,10.336922658823742
1994,16.07083528943356
1995,8.775859388250437
1996,1.3424613555709586
1997,-8.035364021591443
1998,5.743854341324121
1999,2.066034174604922
2000,-5.675806530345237
2001,7.168895815329007
2002,1.2760010383346692
2003,-8.917707752124105
2004,12.023471415853322
2005,10.988146829819861
2006,-3.153250449912715
2007,1.366844618986977
2008,3.0788005418222424
2009,-2.831393334057853
2010,-0.2515165020500022
2011,1.4919702731085311
2012,9.873326076320845
2013,-3.5639824542925886
2014,-1.230376336298617
2015,-8.502549822927195
2016,24.47194264677681
2017,5.156442453158693
2018,3.608565348966
2019,1.1662967656751002
2020,6.844320422111596
2021,7.212816773179362
2022,4.879490762039774
2023,-14.014742352305918
2024,2.580167670686026
2025,6.494951766495857
2026,-7.831118969993735
2027,-10.409797273089268
2028,0.051404631532129486
2029,-6.986720381739914
2030,2.312001078241569
2031,16.773590095527343
2032,-0.7782675408790083
2033,10.943271319075953
2034,-5.572928045257571
2035,4.9841034015771815
2036,-7.404704822216667
2037,-17.752662349691143
2038,-6.395943109766919
2039,3.416108470378185
2040,-1.3803220582311102
2041,-7.534793395136893
2042,-0.6207840248927053
2043,5.884700491729877
2044,1.630251525817177
2045,-9.93336334730752
2046,7.490615591682786
2047,1.5620747146012754
2048,15.301996457591692
2049,-6.148835404733422
2050,-7.850145959579786
2051,-3.6240862728881424
2052,-8.791446452456306
2053,-7.215351892616029
2054,-22.35033523047902
2055,-13.110497045949558
2056,-6.617158322688583
2057,0.4778779854081181
2058,-4.606570331216912
2059,5.875725837543909
2060,-10.680960405987856
2061,8.356733664610454
2062,-3.0541181703588363
2063,-6.9767912129210945
2064,-0.00063310634057967
2065,2.264946157740546
2066,7.288911739559499
2067,23.203070810465384
2068,-10.683915188105193
2069,-6.16901828964794
2070,4.2166310102445355
2071,-2.5914612426166714
2072,2.2023557596482974
2073,-2.6396853316413624
2074,10.118126610790291
2075,7.017265515316586
2076,-8.563960766929528
2077,17.155482345530597
2078,-10.93291843255467
2079,-8.8739370322572
2080,11.294536745605757
2081,-10.031707571231577
2082,1.0107829193303903
2083,-2.814331295637449
2084,-2.176798534665842
2085,3.932270630898495
2086,-4.804790505721847
2087,0.44129711889417145
2088,-22.60523802215426
2089,8.987273770889438
2090,3.600258929262397
2091,0.891875406044274
2092,0.41586083968162946
2093,-0.88965445111378
2094,-13.682636323953542
2095,-0.9001598149814207
2096,9.715902249485795
2097,-10.227650036572093
2098,-6.105972896628885
2099,1.447028836614232
2100,4.785490020078883
2101,-4.774916592219285
2102,13.066177087431296
2103,4.979145671037296
2104,-10.484569673136543
2105,-1.9076430385161736
2106,6.438052823139913
2107,-4.899113398985772
2108,9.57337986795092
2109,-0.3477610521560097
2110,-14.947464249553658
2111,5.9537955005165575
2112,-18.358936091107914
2113,-1.257382066168231
2114,9.343518926920552
2115,-3.6785149461251816
2116,-10.456832159409005
2117,4.800464993261746
2118,4.435593561056218
2119,4.512284028498552
2120,-0.8419500227067993
2121,-0.5085785161204732
2122,-11.423238928329173
2123,-15.394916695890293
2124,-11.40021904406748
2125,-9.562589160633685
2126,-9.70040334135344
2127,9.610385139460668
2128,11.270071193454964
2129,-7.756430114881495
2130,6.728207170853867
2131,15.001884627627284
2132,3.9932410763595745
2133,-4.893436662974725
2134,2.515315420103425
2135,-9.664767203758203
2136,-7.772714829273665
2137,-16.604097723183944
2138,-13.101018702797102
2139,-12.649702102200939
2140,-5.770709346279679
2141,1.1129059880311258
2142,0.7359202146439452
2143,-15.083649290876993
2144,8.512959420457136
2145,-6.770182100327669
2146,-6.02413340767859
2147,-10.530458997551174
2148,-10.239707566074411
2149,-2.6389621213545844
2150,-10.60199843709226
2151,11.933373052020416
2152,-17.555602800753515
2153,8.495973815590682
2154,4.771516517805395
2155,13.836895457419661
2156,11.744402920082713
2157,12.750374545605617
2158,4.325518014478401
2159,0.7820439047785204
2160,-15.130388904732854
2161,-13.455243749271734
2162,-11.139510247263935
2163,7.749188866005612
2164,-8.634074911038043
2165,-16.879090669952223
2166,19.949647459513685
2167,4.296312487155186
2168,8.66096499483006
2169,15.331491860629098
2170,-9.335352391082548
2171,-13.281208001174782
2172,-11.060183712655185
2173,-3.7750820302871113
2174,3.68321818166402
2175,-5.043834607814471
2176,4.828834660973876
2177,11.316797360216347
2178,-1.5408411372560469
2179,-0.4789492395939674
2180,-8.840158347164591
2181,-22.395537474727686
2182,7.515481086505164
2183,6.158894481058726
2184,2.2719030540487886
2185,5.6438793821146565
2186,-1.3190410540406543
2187,-0.5126716871989028
2188,2.928902573623018
2189,4.70697362654527
2190,19.241373093821874
2191,-4.235269867929965
2192,6.403747949990197
2193,1.230097837865546
2194,-20.691114504161487
2195,9.256590043841253
2196,7.640697693019079
2197,-6.520557490742279
2198,1.2681782124894325
2199,-14.80446225579724
2200,-2.474022747738175
2201,-22.556140535711798
2202,8.165373660498137
2203,9.38588428953044
2204,-13.28312704031141
2205,-8.190025039503752
2206,-10.506089590530662
2207,-9.518337045066815
2208,-1.8871852633905197
2209,-0.015895848819433844
2210,-21.226111395831147
2211,-8.096113629217662
2212,1.4352437220127143
2213,4.502426666502513
2214,7.46671728481799
2215,-1.4214455166028654
2216,11.999691009820678
2217,11.481676509749152
2218,3.0785480229410256
2219,-5.962961401323303
2220,7.55707419476918
2221,4.813998038068127
2222,8.702965965538043
2223,17.295644125777883
2224,-11.495557938736457
2225,10.48438781054028
2226,4.574607040259807
2227,9.925905346262088
2228,11.340539472469427
2229,-11.925056919055365
2230,-3.7784941905687752
2231,14.774617325754502
2232,2.43057734721478
2233,11.198308560823412
2234,-1.5139039253801176
2235,-7.495753335083815
2236,4.25278519717275
2237,-3.337823199622082
2238,3.4633580952395553
2239,1.6974975023112142
2240,11.773503603442833
2241,25.12412435393497
2242,4.745912334434705
2243,-10.304536162650136
2244,2.539651382255553
2245,0.676673359028837
2246,2.7883722406960176
2247,-2.4968996788021394
2248,-13.29510260428342
2249,-4.177137276019815
2250,-2.1385163646637326
2251,1.9652484433423825
2252,-6.455952195592127
2253,10.39269807720748
2254,-3.5362529992707294
2255,5.639646885554227
2256,-3.9973463766314006
2257,-8.622802160387753
2258,-16.17658939858725
2259,-3.6356080977890395
2260,-0.5711169184878981
2261,1.7411208226759836
2262,6.341398136676029
2263,9.784836436041184
2264,9.28157643784924
2265,10.979910613297456
2266,2.3055009650096334
2267,-1.800059560692496
2268,5.036694757208261
2269,13.550071570651294
2270,6.184737123934857
2271,4.113456383963572
2272,-0.6063235074815454
2273,19.15800767076442
2274,-10.93259268869618
2275,1.5319386779464115
2276,9.795724154317313
2277,-8.534515727076126
2278,15.423500955886329
2279,2.618693834482829
2280,9.283134334041804
2281,4.87542004189485
2282,-7.2571838367974895
2283,1.2201737318649286
2284,-9.255297020329197
2285,7.362232007565346
2286,2.631597133493884
2287,10.316015061530097
2288,3.6340157169084257
2289,5.2458478633694465
2290,10.83562516747223
2291,25.59381081199226
2292,1.0830146134304202
2293,-7.426745968663783
2294,-10.78689039072558
2295,1.853557985548485
2296,-8.004573147486456
2297,-0.7195917352561032
2298,9.797765583765996
2299,3.569045188041617
2300,-8.685564247340103
2301,6.218520259382512
2302,-1.2303275149967945
2303,7.416560032523463
2304,-10.721267905645615
2305,-15.623653995823496
2306,4.187066678750896
2307,11.073266591592164
2308,-2.0902537017683978
2309,-19.867577845390006
2310,-7.17738268427029
2311,-7.38853239539141
2312,-2.648041840550013
2313,13.18726004864604
2314,-15.59415459687512
2315,-10.385052906312136
2316,-1.0362871469034103
2317,5.813404762827302
2318,-2.1589680239509565
2319,6.170321842819893
2320,-17.915840651117286
2321,10.51235859017505
2322,11.852013112171829
2323,2.01338415521694
2324,-1.3406754948839685
2325,-16.462362230166846
2326,12.567027956543374
2327,-5.277180377688294
2328,10.244929334962189
2329,8.629408794247428
2330,-21.65732712195768
2331,-10.376891479939475
2332,-3.527316630902912
2333,-14.989816232652766
2334,5.907758511399383
2335,8.090435252851904
2336,-7.338529940458662
2337,-3.936736051742295
2338,-2.0899112463157636
2339,5.266918152376067
2340,-10.487453053340115
2341,9.720059444318574
2342,5.51327418950977
2343,2.0041208354238362
2344,1.710007342086155
2345,12.786185053312273
2346,3.6204895861398056
2347,17.88733442758229
2348,-7.199340865572883
2349,-3.2426230735416963
2350,-15.717084067112463
2351,-1.3967622131602402
2352,23.3206109750595
2353,-8.168128810720656
2354,-15.362565799127612
2355,5.707880517081152
2356,0.5196935922217101
2357,10.757489612292256
2358,-12.506194386466541
2359,7.54934710921135
2360,11.639839274015177
2361,6.923060860540197
2362,2.1636650876208243
2363,15.62238668689988
2364,5.613592902335063
2365,-0.14289148306434887
2366,-6.7642909005027345
2367,6.12276205260668
2368,-1.8111952089608243
2369,-6.961859541871399
2370,9.122900130420584
2371,4.507819376407287
2372,1.2873083567530572
2373,8.232700211444927
2374,2.7035258271432148
2375,-7.956897256383095
2376,-6.049118349786468
2377,-4.426409130089449
2378,-12.248872807712663
2379,11.821254306029875
2380,-11.913652272237046
2381,-0.5951056987697907
2382,12.318790390717739
2383,3.8110566673415103
2384,-4.241264517599786
2385,8.226188779197576
2386,-7.535414499716321
2387,9.579235039639864
2388,1.6287871573679187
2389,4.3372247497867
2390,-7.18399711588106
2391,-0.8801094374911789
2392,4.5261545449995255
2393,5.503240615939397
2394,-12.817057601676265
2395,16.008566090937823
2396,4.961696987362547
2397,-3.6074064858708916
2398,10.097411223126791
2399,3.3506618290135908
2400,-23.94902802853225
2401,-0.6878986388117951
2402,10.922039198739888
2403,10.203910417385062
2404,6.036711829631509
2405,7.681002143606765
2406,-13.850543749476898
2407,-9.209537138044636
2408,-22.823319315933425
2409,-0.8304643849445235
2410,14.705137237580722
2411,6.1134993819725985
2412,7.452899206774713
2413,2.4528976870899313
2414,14.525781208574646
2415,-3.5918792741926304
2416,6.680993084821896
2417,4.895052053916516
2418,14.429282950616425
2419,9.019012491172678
2420,-2.785312297602301
2421,3.8949809555450634
2422,5.714759409374823
2423,-13.509005930609055
2424,-18.850504965577286
2425,-20.870145364857397
2426,-6.250423990559808
2427,-4.205017342507605
2428,-1.7273930535391493
2429,8.687669387091884
2430,4.016966529897083
2431,15.561966192906308
2432,0.04830721571658447
2433,2.3354017485526244
2434,-4.047205353695519
2435,-9.624071281124161
2436,-5.741159688305111
2437,1.0158578415474313
2438,-6.346460312167723
2439,-12.148651131707727
2440,16.225696391745227
2441,-18.335520198314175
2442,-2.2658489817548118
2443,9.161569963611633
2444,17.5570066289241
2445,8.215905769533144
2446,-4.707898889362536
2447,-4.328489632105254
2448,-3.076002859031195
2449,-0.5814771314263099
2450,-10.492141700192281
2451,-5.705464440213102
2452,11.572445190687286
2453,2.4853168409485327
2454,23.123621055921795
2455,-2.156348081364385
2456,-3.655050129666119
2457,-9.00525494475405
2458,7.322283120745634
2459,5.86671349344262
2460,6.071736085592526
2461,-7.757941238846811
2462,-4.076021105685855
2463,9.957018890805243
2464,-3.4503245855188336
2465,-1.8710823180600562
2466,-3.2318853268407866
2467,-2.0177701856175734
2468,-0.7712840095704654
2469,-1.6351130556208382
2470,-1.6196963139013807
2471,-1.0102876563311753
2472,2.23150162000956
2473,-4.337622132158845
2474,-4.950402358361075
2475,-16.358391610311354
2476,-8.811901922152025
2477,2.2363077617463203
2478,11.249869678243925
2479,5.211308969730127
2480,3.995872571898364
2481,-7.7071411302475665
2482,5.312680504980275
2483,-2.34963731851568
2484,14.322019015659706
2485,12.850946605076917
2486,3.8169536126456527
2487,5.868122581376741
2488,-4.285792738639879
2489,-21.342906687624545
2490,-14.845999671430244
2491,8.055405935796694
2492,6.804675053200628
2493,-9.181591807724068
2494,-4.445355772472273
2495,21.84959248686178
2496,-0.04885059147395898
2497,6.659004632766413
2498,-2.0118974656937665
2499,5.888509761548856
2500,2.778137461214298
2501,3.8588477303381983
2502,13.782367242696946
2503,-7.1616710535357955
2504,-14.974591925731144
2505,-12.01683508480753
2506,3.142832510381882
2507,-2.021908015733793
2508,-18.713412203499352
2509,4.138573540276261
2510,-7.698566883308557
2511,-5.445433510711194
2512,-4.946507985590049
2513,4.177681747695886
2514,11.698192154696239
2515,-1.7184713414736734
2516,-6.758546410460667
2517,-13.301867264322068
2518,0.2074596340717325
2519,7.55817624500518
2520,-8.838949526789008
2521,8.780274121504364
2522,-2.682294034243945
2523,-10.694443393029461
2524,-19.612014815375126
2525,1.459493364121815
2526,-8.175127043098353
2527,14.155394439287479
2528,1.04226079601894
2529,12.535501117474205
2530,-13.845339598594743
2531,-6.739383261182812
2532,1.390986180456256
2533,-23.088315186820388
2534,-3.4863682184700218
2535,21.921965850598696
2536,4.867016938551898
2537,-11.756606231158022
2538,-2.166035103550984
2539,-8.240472432478862
2540,3.0662795024558145
2541,8.109694105137848
2542,-5.037574136793259
2543,-2.6702337133064495
2544,-18.003081117932958
2545,3.3093576918128846
2546,-0.4639316693943485
2547,18.185839455296456
2548,-12.037070962437165
2549,-4.555132805478112
2550,9.963855262373265
2551,4.282676495910899
2552,2.425772018979373
2553,-8.02896763567637
2554,-6.641809379610687
2555,-6.3389428518671895
2556,-0.9471690423576661
2557,0.2448920654027177
2558,-1.1759832849863507
2559,-7.54870802032353
